﻿"Path 1","Path 2","Path 3","Path 4","Path 5","Path 6","URLs","Address","Content Type","Status Code","Status","Indexability","Indexability Status","Hash","Length","Canonical Link Element 1","URL Encoded Address"
"https/","","","","","","207","","","","","","","","","",""
"","bgoonz-blog.netlify.app/","","","","","207","https://bgoonz-blog.netlify.app/","text/html;charset=UTF-8","200","OK","Indexable","","96677c75e73c782cd6ddae4bf5b2ba37","32","","https://bgoonz-blog.netlify.app/"
"","","javascript","","","","1","https://bgoonz-blog.netlify.app/javascript","text/html; charset=utf-8","404","Not Found","Non-Indexable","Client Error","","42","","https://bgoonz-blog.netlify.app/javascript"
"","","mailto:bryan.guner@gmail.com","","","","1","https://bgoonz-blog.netlify.app/mailto:bryan.guner@gmail.com","text/html; charset=utf-8","404","Not Found","Non-Indexable","Client Error","","60","","https://bgoonz-blog.netlify.app/mailto:bryan.guner@gmail.com"
"","","jamstack","","","","1","https://bgoonz-blog.netlify.app/jamstack","text/html; charset=utf-8","404","Not Found","Non-Indexable","Client Error","","40","","https://bgoonz-blog.netlify.app/jamstack"
"","","docs/","","","","190","https://bgoonz-blog.netlify.app/docs/","text/html;charset=UTF-8","200","OK","Indexable","","db33491de04780bbf288518d2e536fbc","37","","https://bgoonz-blog.netlify.app/docs/"
"","","","projects/","","","6","https://bgoonz-blog.netlify.app/docs/projects/","text/html;charset=UTF-8","200","OK","Indexable","","4859663b5bdfd845f3507c9aaa140b34","46","","https://bgoonz-blog.netlify.app/docs/projects/"
"","","","","my-websites/","","1","https://bgoonz-blog.netlify.app/docs/projects/my-websites/","text/html;charset=UTF-8","200","OK","Indexable","","27b298b2d97b5f58543927d8746b4240","58","","https://bgoonz-blog.netlify.app/docs/projects/my-websites/"
"","","","","embeded-websites/","","1","https://bgoonz-blog.netlify.app/docs/projects/embeded-websites/","text/html;charset=UTF-8","200","OK","Indexable","","d3cb7175900b487fdf01a607d051779a","63","","https://bgoonz-blog.netlify.app/docs/projects/embeded-websites/"
"","","","","list-of-projects/","","1","https://bgoonz-blog.netlify.app/docs/projects/list-of-projects/","text/html;charset=UTF-8","200","OK","Indexable","","59f2ec24a51fbf24c4cad74386656a80","63","","https://bgoonz-blog.netlify.app/docs/projects/list-of-projects/"
"","","","","mini-projects2/","","1","https://bgoonz-blog.netlify.app/docs/projects/mini-projects2/","","0","Connection Timeout","Non-Indexable","No Response","","61","","https://bgoonz-blog.netlify.app/docs/projects/mini-projects2/"
"","","","","mini-projects/","","1","https://bgoonz-blog.netlify.app/docs/projects/mini-projects/","text/html;charset=UTF-8","200","OK","Indexable","","fc71e4b9df5f05120a8bd148766ed17e","60","","https://bgoonz-blog.netlify.app/docs/projects/mini-projects/"
"","","","python/","","","12","https://bgoonz-blog.netlify.app/docs/python/","text/html;charset=UTF-8","200","OK","Indexable","","e28c0cecd912022fa21d4ed22eefbef0","44","","https://bgoonz-blog.netlify.app/docs/python/"
"","","","","python-ds","","1","https://bgoonz-blog.netlify.app/docs/python/python-ds","text/html; charset=utf-8","301","Moved Permanently","Non-Indexable","Redirected","","53","","https://bgoonz-blog.netlify.app/docs/python/python-ds"
"","","","","functions/","","1","https://bgoonz-blog.netlify.app/docs/python/functions/","text/html; charset=utf-8","200","OK","Indexable","","d8fcf82a26031f1ac8ea74185150c667","54","","https://bgoonz-blog.netlify.app/docs/python/functions/"
"","","","","examples/","","1","https://bgoonz-blog.netlify.app/docs/python/examples/","text/html; charset=utf-8","200","OK","Indexable","","21796decb39ba2208685a9a815ee6ff1","53","","https://bgoonz-blog.netlify.app/docs/python/examples/"
"","","","","python-ds/","","1","https://bgoonz-blog.netlify.app/docs/python/python-ds/","text/html;charset=UTF-8","200","OK","Indexable","","21bdece44e5f7e674db5bd7d88d2dc4b","54","","https://bgoonz-blog.netlify.app/docs/python/python-ds/"
"","","","","snippets/","","1","https://bgoonz-blog.netlify.app/docs/python/snippets/","text/html;charset=UTF-8","200","OK","Indexable","","77da4a88da404af8a09acb6b0fcc25d8","53","","https://bgoonz-blog.netlify.app/docs/python/snippets/"
"","","","","intro-for-js-devs/","","1","https://bgoonz-blog.netlify.app/docs/python/intro-for-js-devs/","text/html;charset=UTF-8","200","OK","Indexable","","15a71f35dd44e74bc663501db075c27a","62","","https://bgoonz-blog.netlify.app/docs/python/intro-for-js-devs/"
"","","","","comprehensive-guide/","","1","https://bgoonz-blog.netlify.app/docs/python/comprehensive-guide/","text/html;charset=UTF-8","200","OK","Indexable","","ae652116ed41f32eb2dcfc5010987593","64","","https://bgoonz-blog.netlify.app/docs/python/comprehensive-guide/"
"","","","","flow-control/","","1","https://bgoonz-blog.netlify.app/docs/python/flow-control/","text/html;charset=UTF-8","200","OK","Indexable","","82cebc64edcda4a92cf2003c5cc3493d","57","","https://bgoonz-blog.netlify.app/docs/python/flow-control/"
"","","","","google-sheets-api/","","1","https://bgoonz-blog.netlify.app/docs/python/google-sheets-api/","text/html;charset=UTF-8","200","OK","Indexable","","81cc24f99ac45f3cb6c828aa5e271732","62","","https://bgoonz-blog.netlify.app/docs/python/google-sheets-api/"
"","","","","at-length/","","1","https://bgoonz-blog.netlify.app/docs/python/at-length/","text/html;charset=UTF-8","200","OK","Indexable","","c5a07a61e1521b18d62217e2cd2cc9f8","54","","https://bgoonz-blog.netlify.app/docs/python/at-length/"
"","","","","cheat-sheet/","","1","https://bgoonz-blog.netlify.app/docs/python/cheat-sheet/","text/html;charset=UTF-8","200","OK","Indexable","","6eade7ad68276043d4bf2f995a13fda8","56","","https://bgoonz-blog.netlify.app/docs/python/cheat-sheet/"
"","","","content/","","","7","https://bgoonz-blog.netlify.app/docs/content/","text/html;charset=UTF-8","200","OK","Indexable","","cffada4a6b9dd28b62ace156fb64ac49","45","","https://bgoonz-blog.netlify.app/docs/content/"
"","","","","gatsby-Queries-Mutations/","","1","https://bgoonz-blog.netlify.app/docs/content/gatsby-Queries-Mutations/","text/html; charset=utf-8","301","Moved Permanently","Non-Indexable","Redirected","","70","","https://bgoonz-blog.netlify.app/docs/content/gatsby-Queries-Mutations/"
"","","","","history-api/","","1","https://bgoonz-blog.netlify.app/docs/content/history-api/","text/html; charset=utf-8","200","OK","Indexable","","f4018345fe9d305d0f8b04e1ff4dabc7","57","","https://bgoonz-blog.netlify.app/docs/content/history-api/"
"","","","","archive/","","1","https://bgoonz-blog.netlify.app/docs/content/archive/","text/html;charset=UTF-8","200","OK","Indexable","","8d4fe917239b0129fd93dddb1e9bd417","53","","https://bgoonz-blog.netlify.app/docs/content/archive/"
"","","","","main-projects/","","1","https://bgoonz-blog.netlify.app/docs/content/main-projects/","text/html;charset=UTF-8","200","OK","Indexable","","2314269b86a105c6789878b25ad9ad04","59","","https://bgoonz-blog.netlify.app/docs/content/main-projects/"
"","","","","algo/","","1","https://bgoonz-blog.netlify.app/docs/content/algo/","text/html;charset=UTF-8","200","OK","Indexable","","e6aa847aa68c36a12142ad20b0367067","50","","https://bgoonz-blog.netlify.app/docs/content/algo/"
"","","","","trouble-shooting/","","1","https://bgoonz-blog.netlify.app/docs/content/trouble-shooting/","text/html;charset=UTF-8","200","OK","Indexable","","d0aa2b8cacaf32b4ba20946ed2af6523","62","","https://bgoonz-blog.netlify.app/docs/content/trouble-shooting/"
"","","","reference/","","","19","https://bgoonz-blog.netlify.app/docs/reference/","text/html;charset=UTF-8","200","OK","Indexable","","11d7175e57d188d0db76968e722131db","47","","https://bgoonz-blog.netlify.app/docs/reference/"
"","","","","how-to-kill-a-process/","","1","https://bgoonz-blog.netlify.app/docs/reference/how-to-kill-a-process/","text/html;charset=UTF-8","200","OK","Indexable","","b90a3a7110f649cbd4809c3d123fd3cf","69","","https://bgoonz-blog.netlify.app/docs/reference/how-to-kill-a-process/"
"","","","","intro-to-nodejs/","","1","https://bgoonz-blog.netlify.app/docs/reference/intro-to-nodejs/","text/html;charset=UTF-8","200","OK","Indexable","","7240800f2f41f1b25a46ab8c875f17d5","63","","https://bgoonz-blog.netlify.app/docs/reference/intro-to-nodejs/"
"","","","","resources/","","1","https://bgoonz-blog.netlify.app/docs/reference/resources/","text/html;charset=UTF-8","200","OK","Indexable","","cc404627fa575935fd8621bf6df5a24c","57","","https://bgoonz-blog.netlify.app/docs/reference/resources/"
"","","","","awesome-lists/","","1","https://bgoonz-blog.netlify.app/docs/reference/awesome-lists/","text/html;charset=UTF-8","200","OK","Indexable","","cf2fb50d6ae64a7ab4fe589772159e63","61","","https://bgoonz-blog.netlify.app/docs/reference/awesome-lists/"
"","","","","awesome-static/","","1","https://bgoonz-blog.netlify.app/docs/reference/awesome-static/","text/html;charset=UTF-8","200","OK","Indexable","","62ac1b40db1e0c343d980254405566a5","62","","https://bgoonz-blog.netlify.app/docs/reference/awesome-static/"
"","","","","google-cloud/","","1","https://bgoonz-blog.netlify.app/docs/reference/google-cloud/","text/html;charset=UTF-8","200","OK","Indexable","","85322bf332975d2ae60b1155507a9229","60","","https://bgoonz-blog.netlify.app/docs/reference/google-cloud/"
"","","","","embed-the-web/","","1","https://bgoonz-blog.netlify.app/docs/reference/embed-the-web/","text/html;charset=UTF-8","200","OK","Indexable","","51b0802a8a5d80278d919cd7b1db886","61","","https://bgoonz-blog.netlify.app/docs/reference/embed-the-web/"
"","","","","psql/","","1","https://bgoonz-blog.netlify.app/docs/reference/psql/","text/html;charset=UTF-8","200","OK","Indexable","","7d25e67fbacb7734b7bb6c056848c97b","52","","https://bgoonz-blog.netlify.app/docs/reference/psql/"
"","","","","installing-node/","","1","https://bgoonz-blog.netlify.app/docs/reference/installing-node/","text/html;charset=UTF-8","200","OK","Indexable","","b4e7ba9259cecf877b0a5093757bedc4","63","","https://bgoonz-blog.netlify.app/docs/reference/installing-node/"
"","","","","awesome-nodejs/","","1","https://bgoonz-blog.netlify.app/docs/reference/awesome-nodejs/","text/html;charset=UTF-8","200","OK","Indexable","","2f8a34ed5fa6e9d38ded2afd21e4c642","62","","https://bgoonz-blog.netlify.app/docs/reference/awesome-nodejs/"
"","","","","vscode/","","1","https://bgoonz-blog.netlify.app/docs/reference/vscode/","text/html;charset=UTF-8","200","OK","Indexable","","9a06e8b4be6a7a4d6d5fd7148dc8afcc","54","","https://bgoonz-blog.netlify.app/docs/reference/vscode/"
"","","","","bash-commands/","","1","https://bgoonz-blog.netlify.app/docs/reference/bash-commands/","text/html;charset=UTF-8","200","OK","Indexable","","4af7ef2e5d9233e95e07406c5a178adf","61","","https://bgoonz-blog.netlify.app/docs/reference/bash-commands/"
"","","","","bookmarks/","","1","https://bgoonz-blog.netlify.app/docs/reference/bookmarks/","text/html;charset=UTF-8","200","OK","Indexable","","249a398fc066966c5336870e8fce37aa","57","","https://bgoonz-blog.netlify.app/docs/reference/bookmarks/"
"","","","","how-2-reinstall-npm/","","1","https://bgoonz-blog.netlify.app/docs/reference/how-2-reinstall-npm/","text/html;charset=UTF-8","200","OK","Indexable","","b276740f2bbc559c35dbfdfea092fe8e","67","","https://bgoonz-blog.netlify.app/docs/reference/how-2-reinstall-npm/"
"","","","","notes-template/","","1","https://bgoonz-blog.netlify.app/docs/reference/notes-template/","text/html;charset=UTF-8","200","OK","Indexable","","62c4ceab2c4779894b2d2d001aa89379","62","","https://bgoonz-blog.netlify.app/docs/reference/notes-template/"
"","","","","web-api's/","","1","https://bgoonz-blog.netlify.app/docs/reference/web-api's/","text/html; charset=utf-8","301","Moved Permanently","Non-Indexable","Redirected","","57","","https://bgoonz-blog.netlify.app/docs/reference/web-api's/"
"","","","","github-search/","","1","https://bgoonz-blog.netlify.app/docs/reference/github-search/","text/html;charset=UTF-8","200","OK","Indexable","","cba2c170ed9aa2d8ca0589e4afdaec84","61","","https://bgoonz-blog.netlify.app/docs/reference/github-search/"
"","","","","markdown-styleguide/","","1","https://bgoonz-blog.netlify.app/docs/reference/markdown-styleguide/","text/html;charset=UTF-8","200","OK","Indexable","","4b57f1cb0d0521e5847c57447ed0e4f0","67","","https://bgoonz-blog.netlify.app/docs/reference/markdown-styleguide/"
"","","","tutorials/","","","2","https://bgoonz-blog.netlify.app/docs/tutorials/","text/html;charset=UTF-8","200","OK","Indexable","","fc88ad1c81c575996ae4dfb5fc04d139","47","","https://bgoonz-blog.netlify.app/docs/tutorials/"
"","","","","enviorment-setup/","","1","https://bgoonz-blog.netlify.app/docs/tutorials/enviorment-setup/","text/html; charset=utf-8","200","OK","Indexable","","3d76087f8510c6aac4ffaafb7de6b77d","64","","https://bgoonz-blog.netlify.app/docs/tutorials/enviorment-setup/"
"","","","community/","","","4","https://bgoonz-blog.netlify.app/docs/community/","text/html; charset=utf-8","200","OK","Indexable","","c77eeddba8de366275cffaf884759b73","47","","https://bgoonz-blog.netlify.app/docs/community/"
"","","","","bookmarks/","","1","https://bgoonz-blog.netlify.app/docs/community/bookmarks/","text/html;charset=UTF-8","200","OK","Indexable","","b3b5847af6046fc588d86223e6ec08a8","57","","https://bgoonz-blog.netlify.app/docs/community/bookmarks/"
"","","","","video-chat/","","1","https://bgoonz-blog.netlify.app/docs/community/video-chat/","text/html;charset=UTF-8","200","OK","Indexable","","4f8657da410ec159ea5d5e3a097ec1ee","58","","https://bgoonz-blog.netlify.app/docs/community/video-chat/"
"","","","","an-open-letter-2-future-developers/","","1","https://bgoonz-blog.netlify.app/docs/community/an-open-letter-2-future-developers/","text/html;charset=UTF-8","200","OK","Indexable","","edfa6062980c33df0a4d563ee139299","82","","https://bgoonz-blog.netlify.app/docs/community/an-open-letter-2-future-developers/"
"","","","projects","","","1","https://bgoonz-blog.netlify.app/docs/projects","text/html; charset=utf-8","301","Moved Permanently","Non-Indexable","Redirected","","45","","https://bgoonz-blog.netlify.app/docs/projects"
"","","","faq/","","","4","https://bgoonz-blog.netlify.app/docs/faq/","text/html;charset=UTF-8","200","OK","Indexable","","f905ca8400ea02e6722d9e97e1ba93c7","41","","https://bgoonz-blog.netlify.app/docs/faq/"
"","","","","contact","","1","https://bgoonz-blog.netlify.app/docs/faq/contact","text/html; charset=utf-8","301","Moved Permanently","Non-Indexable","Redirected","","48","","https://bgoonz-blog.netlify.app/docs/faq/contact"
"","","","","plug-ins/","","1","https://bgoonz-blog.netlify.app/docs/faq/plug-ins/","text/html;charset=UTF-8","200","OK","Indexable","","42b0d6cc29a770d17b3421e6ad4c4800","50","","https://bgoonz-blog.netlify.app/docs/faq/plug-ins/"
"","","","","contact/","","1","https://bgoonz-blog.netlify.app/docs/faq/contact/","text/html; charset=utf-8","200","OK","Indexable","","62e9dc5f50b578c6f5e99d222ed1a829","49","","https://bgoonz-blog.netlify.app/docs/faq/contact/"
"","","","docs/","","","17","https://bgoonz-blog.netlify.app/docs/docs/","text/html;charset=UTF-8","200","OK","Indexable","","9b935f5f74a8be0553d30687d121cd37","42","","https://bgoonz-blog.netlify.app/docs/docs/"
"","","","","node-docs-complete/","","1","https://bgoonz-blog.netlify.app/docs/docs/node-docs-complete/","text/html;charset=UTF-8","200","OK","Indexable","","c578ba85766dff43f5e198146d7d65fb","61","","https://bgoonz-blog.netlify.app/docs/docs/node-docs-complete/"
"","","","","bash/","","1","https://bgoonz-blog.netlify.app/docs/docs/bash/","text/html; charset=utf-8","200","OK","Indexable","","a7f7148514950a5e27899fc34374616d","47","","https://bgoonz-blog.netlify.app/docs/docs/bash/"
"","","","","no-whiteboarding/","","1","https://bgoonz-blog.netlify.app/docs/docs/no-whiteboarding/","text/html;charset=UTF-8","200","OK","Indexable","","13b36115e5000969ec3a2d040bedf340","59","","https://bgoonz-blog.netlify.app/docs/docs/no-whiteboarding/"
"","","","","sitemap/","","1","https://bgoonz-blog.netlify.app/docs/docs/sitemap/","text/html;charset=UTF-8","200","OK","Indexable","","a4a2b6a2e8f580c1bc32dfe8896b7638","50","","https://bgoonz-blog.netlify.app/docs/docs/sitemap/"
"","","","","es-6-features/","","1","https://bgoonz-blog.netlify.app/docs/docs/es-6-features/","text/html;charset=UTF-8","200","OK","Indexable","","c67dbd17c7fc226685314544eefe95d3","56","","https://bgoonz-blog.netlify.app/docs/docs/es-6-features/"
"","","","","node-docs-full/","","1","https://bgoonz-blog.netlify.app/docs/docs/node-docs-full/","text/html;charset=UTF-8","200","OK","Indexable","","c00a67bbfdabdd7b4e49d33d520d02cf","57","","https://bgoonz-blog.netlify.app/docs/docs/node-docs-full/"
"","","","","git-repos/","","1","https://bgoonz-blog.netlify.app/docs/docs/git-repos/","text/html;charset=UTF-8","200","OK","Indexable","","f1bf760126e1d5abfbbcb75018a2884c","52","","https://bgoonz-blog.netlify.app/docs/docs/git-repos/"
"","","","","appendix/","","1","https://bgoonz-blog.netlify.app/docs/docs/appendix/","text/html;charset=UTF-8","200","OK","Indexable","","2db40dd4cdbeef9405abe028be41f3c1","51","","https://bgoonz-blog.netlify.app/docs/docs/appendix/"
"","","","","css/","","1","https://bgoonz-blog.netlify.app/docs/docs/css/","text/html;charset=UTF-8","200","OK","Indexable","","1a4674348d2d66ad8e3c434103e4881c","46","","https://bgoonz-blog.netlify.app/docs/docs/css/"
"","","","","html-spec/","","1","https://bgoonz-blog.netlify.app/docs/docs/html-spec/","text/html;charset=UTF-8","200","OK","Indexable","","26da6db52630c920e6a7db0571b96c7","52","","https://bgoonz-blog.netlify.app/docs/docs/html-spec/"
"","","","","art-of-command-line/","","1","https://bgoonz-blog.netlify.app/docs/docs/art-of-command-line/","text/html;charset=UTF-8","200","OK","Indexable","","54201b0583b888d7ed96c2139211c6f2","62","","https://bgoonz-blog.netlify.app/docs/docs/art-of-command-line/"
"","","","","git-reference/","","1","https://bgoonz-blog.netlify.app/docs/docs/git-reference/","text/html;charset=UTF-8","200","OK","Indexable","","645d1ee605bdaa6ead0552838672128d","56","","https://bgoonz-blog.netlify.app/docs/docs/git-reference/"
"","","","","snippets/","","1","https://bgoonz-blog.netlify.app/docs/docs/snippets/","text/html;charset=UTF-8","200","OK","Indexable","","7553a1d8b0e7a4869594da34a9ae067e","51","","https://bgoonz-blog.netlify.app/docs/docs/snippets/"
"","","","","markdown/","","1","https://bgoonz-blog.netlify.app/docs/docs/markdown/","text/html;charset=UTF-8","200","OK","Indexable","","8f1040688f0cb0ba9f39f8979af65da1","51","","https://bgoonz-blog.netlify.app/docs/docs/markdown/"
"","","","","data-structures-docs/","","1","https://bgoonz-blog.netlify.app/docs/docs/data-structures-docs/","text/html;charset=UTF-8","200","OK","Indexable","","65c760fb5616787e689bc2208be63b16","63","","https://bgoonz-blog.netlify.app/docs/docs/data-structures-docs/"
"","","","","regex-in-js/","","1","https://bgoonz-blog.netlify.app/docs/docs/regex-in-js/","text/html;charset=UTF-8","200","OK","Indexable","","29f556c9cdfd074cc7003e23c0cf6107","54","","https://bgoonz-blog.netlify.app/docs/docs/regex-in-js/"
"","","","articles/","","","35","https://bgoonz-blog.netlify.app/docs/articles/","text/html;charset=UTF-8","200","OK","Indexable","","4ce386cfec1455e25420af9f1d905211","46","","https://bgoonz-blog.netlify.app/docs/articles/"
"","","","","nodejs/","","1","https://bgoonz-blog.netlify.app/docs/articles/nodejs/","text/html;charset=UTF-8","200","OK","Indexable","","97337497b05b64c87b0b624baadf8a16","53","","https://bgoonz-blog.netlify.app/docs/articles/nodejs/"
"","","","","webdev-tools/","","1","https://bgoonz-blog.netlify.app/docs/articles/webdev-tools/","text/html;charset=UTF-8","200","OK","Indexable","","75e27aee60791eb7af07cbc2f156c753","59","","https://bgoonz-blog.netlify.app/docs/articles/webdev-tools/"
"","","","","reading-files/","","1","https://bgoonz-blog.netlify.app/docs/articles/reading-files/","text/html; charset=utf-8","200","OK","Indexable","","a7939516e5cba52e477b78c28ea6632f","60","","https://bgoonz-blog.netlify.app/docs/articles/reading-files/"
"","","","","node-cli-args/","","1","https://bgoonz-blog.netlify.app/docs/articles/node-cli-args/","text/html;charset=UTF-8","200","OK","Indexable","","3ee81e0f3ed30482fe93de3465d8fb54","60","","https://bgoonz-blog.netlify.app/docs/articles/node-cli-args/"
"","","","","node-package-manager/","","1","https://bgoonz-blog.netlify.app/docs/articles/node-package-manager/","text/html;charset=UTF-8","200","OK","Indexable","","99efb1527bde86a98ab0e4327c15617b","67","","https://bgoonz-blog.netlify.app/docs/articles/node-package-manager/"
"","","","","npm/","","1","https://bgoonz-blog.netlify.app/docs/articles/npm/","text/html;charset=UTF-8","200","OK","Indexable","","6722e9b2aa7cca81b8d747ae37f3725b","50","","https://bgoonz-blog.netlify.app/docs/articles/npm/"
"","","","","install/","","1","https://bgoonz-blog.netlify.app/docs/articles/install/","text/html;charset=UTF-8","200","OK","Indexable","","6f7fe83c6499709122b2bd207464ea11","54","","https://bgoonz-blog.netlify.app/docs/articles/install/"
"","","","","fs-module/","","1","https://bgoonz-blog.netlify.app/docs/articles/fs-module/","text/html;charset=UTF-8","200","OK","Indexable","","c3fe8a47c9799d9512d9fa5950b32267","56","","https://bgoonz-blog.netlify.app/docs/articles/fs-module/"
"","","","","intro/","","1","https://bgoonz-blog.netlify.app/docs/articles/intro/","","0","Connection Timeout","Non-Indexable","No Response","","52","","https://bgoonz-blog.netlify.app/docs/articles/intro/"
"","","","","the-uniform-resource-locator-(url)/","","1","https://bgoonz-blog.netlify.app/docs/articles/the-uniform-resource-locator-(url)/","text/html; charset=utf-8","301","Moved Permanently","Non-Indexable","Redirected","","81","","https://bgoonz-blog.netlify.app/docs/articles/the-uniform-resource-locator-(url)/"
"","","","","semantic-html/","","1","https://bgoonz-blog.netlify.app/docs/articles/semantic-html/","text/html;charset=UTF-8","200","OK","Indexable","","57ead6cc99b799e0ee5460002f23dcf8","60","","https://bgoonz-blog.netlify.app/docs/articles/semantic-html/"
"","","","","semantic/","","1","https://bgoonz-blog.netlify.app/docs/articles/semantic/","text/html; charset=utf-8","200","OK","Indexable","","97305b3bb53be061f292dad4aca00540","55","","https://bgoonz-blog.netlify.app/docs/articles/semantic/"
"","","","","node-js-language/","","1","https://bgoonz-blog.netlify.app/docs/articles/node-js-language/","text/html;charset=UTF-8","200","OK","Indexable","","3a10fabefe33724f28ef7deb27ddccec","63","","https://bgoonz-blog.netlify.app/docs/articles/node-js-language/"
"","","","","node-repl/","","1","https://bgoonz-blog.netlify.app/docs/articles/node-repl/","text/html; charset=utf-8","200","OK","Indexable","","ed6db1281be434ad966192a32cbe3333","56","","https://bgoonz-blog.netlify.app/docs/articles/node-repl/"
"","","","","basic-web-dev/","","1","https://bgoonz-blog.netlify.app/docs/articles/basic-web-dev/","text/html;charset=UTF-8","200","OK","Indexable","","3306882b40aa8f0c1d784d0bc8b6aee7","60","","https://bgoonz-blog.netlify.app/docs/articles/basic-web-dev/"
"","","","","v8/","","1","https://bgoonz-blog.netlify.app/docs/articles/v8/","text/html;charset=UTF-8","200","OK","Indexable","","bc2384a7923310435a31177226f85ec4","49","","https://bgoonz-blog.netlify.app/docs/articles/v8/"
"","","","","understanding-firebase/","","1","https://bgoonz-blog.netlify.app/docs/articles/understanding-firebase/","text/html;charset=UTF-8","200","OK","Indexable","","9e664999e9d748f42c4791f0a7cf71b","69","","https://bgoonz-blog.netlify.app/docs/articles/understanding-firebase/"
"","","","","writing-files/","","1","https://bgoonz-blog.netlify.app/docs/articles/writing-files/","text/html; charset=utf-8","200","OK","Indexable","","99cd5b0505fdd9cd24af1000b68f42e6","60","","https://bgoonz-blog.netlify.app/docs/articles/writing-files/"
"","","","","os-module/","","1","https://bgoonz-blog.netlify.app/docs/articles/os-module/","text/html;charset=UTF-8","200","OK","Indexable","","b3c62381140e7ba84fdfc592b0559378","56","","https://bgoonz-blog.netlify.app/docs/articles/os-module/"
"","","","","node-run-cli/","","1","https://bgoonz-blog.netlify.app/docs/articles/node-run-cli/","text/html;charset=UTF-8","200","OK","Indexable","","fba7dccd2db320b9884e80fa3819df4a","59","","https://bgoonz-blog.netlify.app/docs/articles/node-run-cli/"
"","","","","npx/","","1","https://bgoonz-blog.netlify.app/docs/articles/npx/","text/html;charset=UTF-8","200","OK","Indexable","","7662681bab08e358e2092517a2dd846e","50","","https://bgoonz-blog.netlify.app/docs/articles/npx/"
"","","","","nodevsbrowser/","","1","https://bgoonz-blog.netlify.app/docs/articles/nodevsbrowser/","text/html;charset=UTF-8","200","OK","Indexable","","9c469e2a2c4675bcc472b295dd803068","60","","https://bgoonz-blog.netlify.app/docs/articles/nodevsbrowser/"
"","","","","how-the-web-works/","","1","https://bgoonz-blog.netlify.app/docs/articles/how-the-web-works/","text/html;charset=UTF-8","200","OK","Indexable","","283898c8f485790c22d6c78bf11048ac","64","","https://bgoonz-blog.netlify.app/docs/articles/how-the-web-works/"
"","","","","web-standards-checklist/","","1","https://bgoonz-blog.netlify.app/docs/articles/web-standards-checklist/","text/html;charset=UTF-8","200","OK","Indexable","","201088e6712f37afc5589c311250d501","70","","https://bgoonz-blog.netlify.app/docs/articles/web-standards-checklist/"
"","","","","modules/","","1","https://bgoonz-blog.netlify.app/docs/articles/modules/","text/html;charset=UTF-8","200","OK","Indexable","","bee7e9f0f6dc3e80e3627a46374f914e","54","","https://bgoonz-blog.netlify.app/docs/articles/modules/"
"","","","","how-search-engines-work/","","1","https://bgoonz-blog.netlify.app/docs/articles/how-search-engines-work/","text/html;charset=UTF-8","200","OK","Indexable","","7700d968591f230bcb99235a6a8dd6f9","70","","https://bgoonz-blog.netlify.app/docs/articles/how-search-engines-work/"
"","","","","dev-dep/","","1","https://bgoonz-blog.netlify.app/docs/articles/dev-dep/","text/html;charset=UTF-8","200","OK","Indexable","","e1fb9b2d2278bb31c4cfbb7754592162","54","","https://bgoonz-blog.netlify.app/docs/articles/dev-dep/"
"","","","","node-env-variables/","","1","https://bgoonz-blog.netlify.app/docs/articles/node-env-variables/","text/html;charset=UTF-8","200","OK","Indexable","","18d10629817259b036c99e479021e656","65","","https://bgoonz-blog.netlify.app/docs/articles/node-env-variables/"
"","","","","buffers/","","1","https://bgoonz-blog.netlify.app/docs/articles/buffers/","text/html;charset=UTF-8","200","OK","Indexable","","cfe5f88caeecd73c734b31b0d4642699","54","","https://bgoonz-blog.netlify.app/docs/articles/buffers/"
"","","","","node-common-modules/","","1","https://bgoonz-blog.netlify.app/docs/articles/node-common-modules/","text/html;charset=UTF-8","200","OK","Indexable","","bb71c440e8216b5ed3317d9250b9a338","66","","https://bgoonz-blog.netlify.app/docs/articles/node-common-modules/"
"","","","","event-loop/","","1","https://bgoonz-blog.netlify.app/docs/articles/event-loop/","","0","Connection Timeout","Non-Indexable","No Response","","57","","https://bgoonz-blog.netlify.app/docs/articles/event-loop/"
"","","","","http/","","1","https://bgoonz-blog.netlify.app/docs/articles/http/","text/html;charset=UTF-8","200","OK","Indexable","","59a71ce576219119eec79ef8ce7bc95b","51","","https://bgoonz-blog.netlify.app/docs/articles/http/"
"","","","","nextjs/","","1","https://bgoonz-blog.netlify.app/docs/articles/nextjs/","text/html;charset=UTF-8","200","OK","Indexable","","f843aa76f0fe9c074bfd173712ca2703","53","","https://bgoonz-blog.netlify.app/docs/articles/nextjs/"
"","","","","node-api-express/","","1","https://bgoonz-blog.netlify.app/docs/articles/node-api-express/","text/html; charset=utf-8","200","OK","Indexable","","3e589db3a0a298fd8997a821e2c7fb2e","63","","https://bgoonz-blog.netlify.app/docs/articles/node-api-express/"
"","","","quick-reference/","","","18","https://bgoonz-blog.netlify.app/docs/quick-reference/","text/html;charset=UTF-8","200","OK","Indexable","","315f35ae51036244380e6fa17144b7c8","53","","https://bgoonz-blog.netlify.app/docs/quick-reference/"
"","","","","vscode-themes/","","1","https://bgoonz-blog.netlify.app/docs/quick-reference/vscode-themes/","text/html;charset=UTF-8","200","OK","Indexable","","20f4196596e92e37982370815b4f206e","67","","https://bgoonz-blog.netlify.app/docs/quick-reference/vscode-themes/"
"","","","","Emmet/","","1","https://bgoonz-blog.netlify.app/docs/quick-reference/Emmet/","text/html; charset=utf-8","301","Moved Permanently","Non-Indexable","Redirected","","59","","https://bgoonz-blog.netlify.app/docs/quick-reference/Emmet/"
"","","","","all-emojis/","","1","https://bgoonz-blog.netlify.app/docs/quick-reference/all-emojis/","text/html;charset=UTF-8","200","OK","Indexable","","341eb0fc1b6887089544c40ffd02d668","64","","https://bgoonz-blog.netlify.app/docs/quick-reference/all-emojis/"
"","","","","new-repo-instructions/","","1","https://bgoonz-blog.netlify.app/docs/quick-reference/new-repo-instructions/","text/html;charset=UTF-8","200","OK","Indexable","","53ce5dbc53a336ef5bc8954db42d79fb","75","","https://bgoonz-blog.netlify.app/docs/quick-reference/new-repo-instructions/"
"","","","","minifiction/","","1","https://bgoonz-blog.netlify.app/docs/quick-reference/minifiction/","text/html;charset=UTF-8","200","OK","Indexable","","91c66b004e9361dbbd269d4abf785bf5","65","","https://bgoonz-blog.netlify.app/docs/quick-reference/minifiction/"
"","","","","installation/","","1","https://bgoonz-blog.netlify.app/docs/quick-reference/installation/","text/html;charset=UTF-8","200","OK","Indexable","","5e4feef7178b2efb53ae8a49cab217ce","66","","https://bgoonz-blog.netlify.app/docs/quick-reference/installation/"
"","","","","markdown-dropdowns/","","1","https://bgoonz-blog.netlify.app/docs/quick-reference/markdown-dropdowns/","text/html;charset=UTF-8","200","OK","Indexable","","87a26a594a4bf0df6d373b173496b36d","72","","https://bgoonz-blog.netlify.app/docs/quick-reference/markdown-dropdowns/"
"","","","","git-tricks/","","1","https://bgoonz-blog.netlify.app/docs/quick-reference/git-tricks/","text/html;charset=UTF-8","200","OK","Indexable","","22d453548fe936a276c46386b9faca08","64","","https://bgoonz-blog.netlify.app/docs/quick-reference/git-tricks/"
"","","","","google-firebase/","","1","https://bgoonz-blog.netlify.app/docs/quick-reference/google-firebase/","text/html;charset=UTF-8","200","OK","Indexable","","99bd7abfe2c3c546326b8bd990694d06","69","","https://bgoonz-blog.netlify.app/docs/quick-reference/google-firebase/"
"","","","","pull-request-rubric/","","1","https://bgoonz-blog.netlify.app/docs/quick-reference/pull-request-rubric/","text/html;charset=UTF-8","200","OK","Indexable","","cf8189d8d30b64070ad0d32e85ad7822","73","","https://bgoonz-blog.netlify.app/docs/quick-reference/pull-request-rubric/"
"","","","","quick-links/","","1","https://bgoonz-blog.netlify.app/docs/quick-reference/quick-links/","text/html;charset=UTF-8","200","OK","Indexable","","9288d2ee710468aba8be58d8ecb0047","65","","https://bgoonz-blog.netlify.app/docs/quick-reference/quick-links/"
"","","","","git-bash/","","1","https://bgoonz-blog.netlify.app/docs/quick-reference/git-bash/","text/html; charset=utf-8","200","OK","Indexable","","9f6ec22c508e6a3d80fbc7dc2e7d6d89","62","","https://bgoonz-blog.netlify.app/docs/quick-reference/git-bash/"
"","","","","heroku-error-codes/","","1","https://bgoonz-blog.netlify.app/docs/quick-reference/heroku-error-codes/","text/html;charset=UTF-8","200","OK","Indexable","","2600c2549d686e92b305207fe17322a7","72","","https://bgoonz-blog.netlify.app/docs/quick-reference/heroku-error-codes/"
"","","","","understanding-path/","","1","https://bgoonz-blog.netlify.app/docs/quick-reference/understanding-path/","text/html;charset=UTF-8","200","OK","Indexable","","1033f4b0beb0696dcea36a75bd4bb8ce","72","","https://bgoonz-blog.netlify.app/docs/quick-reference/understanding-path/"
"","","","","psql-setup/","","1","https://bgoonz-blog.netlify.app/docs/quick-reference/psql-setup/","text/html;charset=UTF-8","200","OK","Indexable","","a7b9c7d8ad72ccc6fd497e827e34e45e","64","","https://bgoonz-blog.netlify.app/docs/quick-reference/psql-setup/"
"","","","","topRepos/","","1","https://bgoonz-blog.netlify.app/docs/quick-reference/topRepos/","text/html; charset=utf-8","301","Moved Permanently","Non-Indexable","Redirected","","62","","https://bgoonz-blog.netlify.app/docs/quick-reference/topRepos/"
"","","","","create-react-app/","","1","https://bgoonz-blog.netlify.app/docs/quick-reference/create-react-app/","text/html;charset=UTF-8","200","OK","Indexable","","8b22cd2cb69723e6b811f6c623a71d1e","70","","https://bgoonz-blog.netlify.app/docs/quick-reference/create-react-app/"
"","","","interview/","","","3","https://bgoonz-blog.netlify.app/docs/interview/","text/html;charset=UTF-8","200","OK","Indexable","","8f08fa85717759126744f203c28e150d","47","","https://bgoonz-blog.netlify.app/docs/interview/"
"","","","","job-search-nav/","","1","https://bgoonz-blog.netlify.app/docs/interview/job-search-nav/","text/html;charset=UTF-8","200","OK","Indexable","","ffc9a5139b1de3d9a2f11d7a6965998b","62","","https://bgoonz-blog.netlify.app/docs/interview/job-search-nav/"
"","","","","review-concepts/","","1","https://bgoonz-blog.netlify.app/docs/interview/review-concepts/","text/html; charset=utf-8","200","OK","Indexable","","4922022a52722553d8aa166296cb3c4f","63","","https://bgoonz-blog.netlify.app/docs/interview/review-concepts/"
"","","","react/","","","11","https://bgoonz-blog.netlify.app/docs/react/","text/html;charset=UTF-8","200","OK","Indexable","","55293275b2ba429f6152e4e658020bb8","43","","https://bgoonz-blog.netlify.app/docs/react/"
"","","","","dont-use-index-as-keys/","","1","https://bgoonz-blog.netlify.app/docs/react/dont-use-index-as-keys/","text/html;charset=UTF-8","200","OK","Indexable","","6cfecc142abacc8d08ca3aeaf2c52970","66","","https://bgoonz-blog.netlify.app/docs/react/dont-use-index-as-keys/"
"","","","","ajax-n-apis/","","1","https://bgoonz-blog.netlify.app/docs/react/ajax-n-apis/","text/html;charset=UTF-8","200","OK","Indexable","","12540a7439edb79e09a2c9fb07e6c85b","55","","https://bgoonz-blog.netlify.app/docs/react/ajax-n-apis/"
"","","","","render-elements/","","1","https://bgoonz-blog.netlify.app/docs/react/render-elements/","text/html;charset=UTF-8","200","OK","Indexable","","e17fcb30ad6fb7e1ce0736721d61ff5c","59","","https://bgoonz-blog.netlify.app/docs/react/render-elements/"
"","","","","cheatsheet/","","1","https://bgoonz-blog.netlify.app/docs/react/cheatsheet/","text/html; charset=utf-8","200","OK","Indexable","","2254316d8d1f6d87233c2cbcdfd7731a","54","","https://bgoonz-blog.netlify.app/docs/react/cheatsheet/"
"","","","","demo/","","1","https://bgoonz-blog.netlify.app/docs/react/demo/","text/html;charset=UTF-8","200","OK","Indexable","","ed1690fd10b30817fa412f2aa7680a9b","48","","https://bgoonz-blog.netlify.app/docs/react/demo/"
"","","","","react-docs/","","1","https://bgoonz-blog.netlify.app/docs/react/react-docs/","text/html;charset=UTF-8","200","OK","Indexable","","94e364db39dab982810f754c89235b05","54","","https://bgoonz-blog.netlify.app/docs/react/react-docs/"
"","","","","jsx/","","1","https://bgoonz-blog.netlify.app/docs/react/jsx/","text/html;charset=UTF-8","200","OK","Indexable","","6eb33afcea23bff0290b2467d16f0f9e","47","","https://bgoonz-blog.netlify.app/docs/react/jsx/"
"","","","","react-in-depth/","","1","https://bgoonz-blog.netlify.app/docs/react/react-in-depth/","text/html;charset=UTF-8","200","OK","Indexable","","776416ab7e92dcbd6eb5513335f4c43","58","","https://bgoonz-blog.netlify.app/docs/react/react-in-depth/"
"","","","","createReactApp/","","1","https://bgoonz-blog.netlify.app/docs/react/createReactApp/","text/html; charset=utf-8","301","Moved Permanently","Non-Indexable","Redirected","","58","","https://bgoonz-blog.netlify.app/docs/react/createReactApp/"
"","","","","react2/","","1","https://bgoonz-blog.netlify.app/docs/react/react2/","text/html;charset=UTF-8","200","OK","Indexable","","2621df561bf702dc9f995092ed02b6e3","50","","https://bgoonz-blog.netlify.app/docs/react/react2/"
"","","","interact/","","","6","https://bgoonz-blog.netlify.app/docs/interact/","text/html;charset=UTF-8","200","OK","Indexable","","293c9289211722896126ad4137f31940","46","","https://bgoonz-blog.netlify.app/docs/interact/"
"","","","","video-chat/","","1","https://bgoonz-blog.netlify.app/docs/interact/video-chat/","text/html; charset=utf-8","200","OK","Indexable","","2dbf9b10143d615641a41c31b9b5c13f","57","","https://bgoonz-blog.netlify.app/docs/interact/video-chat/"
"","","","","jupyter-notebooks/","","1","https://bgoonz-blog.netlify.app/docs/interact/jupyter-notebooks/","text/html; charset=utf-8","200","OK","Indexable","","67de00a17837dad2946bffe56419b0d5","64","","https://bgoonz-blog.netlify.app/docs/interact/jupyter-notebooks/"
"","","","","callstack-visual/","","1","https://bgoonz-blog.netlify.app/docs/interact/callstack-visual/","text/html;charset=UTF-8","200","OK","Indexable","","7ceb1ff008981be92b534a82e40d9fb2","63","","https://bgoonz-blog.netlify.app/docs/interact/callstack-visual/"
"","","","","clock/","","1","https://bgoonz-blog.netlify.app/docs/interact/clock/","text/html; charset=utf-8","200","OK","Indexable","","c392cebc842c5e6c2462a9385bbd4a67","52","","https://bgoonz-blog.netlify.app/docs/interact/clock/"
"","","","","other-sites/","","1","https://bgoonz-blog.netlify.app/docs/interact/other-sites/","text/html;charset=UTF-8","200","OK","Indexable","","f137d28d766263914cd67a94a2c009ca","58","","https://bgoonz-blog.netlify.app/docs/interact/other-sites/"
"","","","about/","","","6","https://bgoonz-blog.netlify.app/docs/about/","text/html;charset=UTF-8","200","OK","Indexable","","b39a6c34dc06afb6075183c7e6b43cc","43","","https://bgoonz-blog.netlify.app/docs/about/"
"","","","","eng-portfolio/","","1","https://bgoonz-blog.netlify.app/docs/about/eng-portfolio/","text/html;charset=UTF-8","200","OK","Indexable","","6b59a75d651866cd10afea9c55be0cb5","57","","https://bgoonz-blog.netlify.app/docs/about/eng-portfolio/"
"","","","","job-search/","","1","https://bgoonz-blog.netlify.app/docs/about/job-search/","text/html;charset=UTF-8","200","OK","Indexable","","51e9a3e3b574a71f09feb68504b2b48f","54","","https://bgoonz-blog.netlify.app/docs/about/job-search/"
"","","","","resume/","","1","https://bgoonz-blog.netlify.app/docs/about/resume/","text/html;charset=UTF-8","200","OK","Indexable","","2209048279bf107c5791970707147b02","50","","https://bgoonz-blog.netlify.app/docs/about/resume/"
"","","","","intrests/","","1","https://bgoonz-blog.netlify.app/docs/about/intrests/","text/html;charset=UTF-8","200","OK","Indexable","","228e204290e2ec20645fa9fd18aeaaf","52","","https://bgoonz-blog.netlify.app/docs/about/intrests/"
"","","","","README/","","1","https://bgoonz-blog.netlify.app/docs/about/README/","text/html; charset=utf-8","301","Moved Permanently","Non-Indexable","Redirected","","50","","https://bgoonz-blog.netlify.app/docs/about/README/"
"","","","leetcode/","","","1","https://bgoonz-blog.netlify.app/docs/leetcode/","text/html;charset=UTF-8","200","OK","Indexable","","41bc57ee16192df2a50bb0bbd2c238cd","46","","https://bgoonz-blog.netlify.app/docs/leetcode/"
"","","","javascript/","","","11","https://bgoonz-blog.netlify.app/docs/javascript/","text/html; charset=utf-8","200","OK","Indexable","","861a72175f6e04becce3de6d70606ad5","48","","https://bgoonz-blog.netlify.app/docs/javascript/"
"","","","","review/","","1","https://bgoonz-blog.netlify.app/docs/javascript/review/","text/html;charset=UTF-8","200","OK","Indexable","","e51efd5cbdf2df3db5dcd7e292c43575","55","","https://bgoonz-blog.netlify.app/docs/javascript/review/"
"","","","","for-loops/","","1","https://bgoonz-blog.netlify.app/docs/javascript/for-loops/","text/html;charset=UTF-8","200","OK","Indexable","","e4e9e733e17406de19eb6a588895b441","58","","https://bgoonz-blog.netlify.app/docs/javascript/for-loops/"
"","","","","this-is-about-this/","","1","https://bgoonz-blog.netlify.app/docs/javascript/this-is-about-this/","text/html;charset=UTF-8","200","OK","Indexable","","a3569252b3aa56abfdf11fb0c860681b","67","","https://bgoonz-blog.netlify.app/docs/javascript/this-is-about-this/"
"","","","","asyncjs/","","1","https://bgoonz-blog.netlify.app/docs/javascript/asyncjs/","text/html;charset=UTF-8","200","OK","Indexable","","6f091ae8e35f74a9938a07cb258610ef","56","","https://bgoonz-blog.netlify.app/docs/javascript/asyncjs/"
"","","","","await-keyword/","","1","https://bgoonz-blog.netlify.app/docs/javascript/await-keyword/","text/html;charset=UTF-8","200","OK","Indexable","","db7031c90cdc8f7715178c117d3acb30","62","","https://bgoonz-blog.netlify.app/docs/javascript/await-keyword/"
"","","","","clean-code/","","1","https://bgoonz-blog.netlify.app/docs/javascript/clean-code/","text/html;charset=UTF-8","200","OK","Indexable","","71f12fa5610d35f9bde5fe124b5b6208","59","","https://bgoonz-blog.netlify.app/docs/javascript/clean-code/"
"","","","","constructor-functions/","","1","https://bgoonz-blog.netlify.app/docs/javascript/constructor-functions/","text/html; charset=utf-8","200","OK","Indexable","","6ce7a0e5b77f38df99d80776fe6de064","70","","https://bgoonz-blog.netlify.app/docs/javascript/constructor-functions/"
"","","","","bigo/","","1","https://bgoonz-blog.netlify.app/docs/javascript/bigo/","text/html;charset=UTF-8","200","OK","Indexable","","244cac08bd93b1ccf4b6562c5d83ed76","53","","https://bgoonz-blog.netlify.app/docs/javascript/bigo/"
"","","","","promises/","","1","https://bgoonz-blog.netlify.app/docs/javascript/promises/","text/html;charset=UTF-8","200","OK","Indexable","","acdfa560e758e4513e630781a8268ff","57","","https://bgoonz-blog.netlify.app/docs/javascript/promises/"
"","","","","arrow-functions/","","1","https://bgoonz-blog.netlify.app/docs/javascript/arrow-functions/","text/html;charset=UTF-8","200","OK","Indexable","","3711a303441905ab117ca2cc60972cad","64","","https://bgoonz-blog.netlify.app/docs/javascript/arrow-functions/"
"","","","tools/","","","6","https://bgoonz-blog.netlify.app/docs/tools/","text/html;charset=UTF-8","200","OK","Indexable","","d3bf146927c5dc23993aa6d79c5627e0","43","","https://bgoonz-blog.netlify.app/docs/tools/"
"","","","","Archive","","1","https://bgoonz-blog.netlify.app/docs/tools/Archive","text/html; charset=utf-8","301","Moved Permanently","Non-Indexable","Redirected","","50","","https://bgoonz-blog.netlify.app/docs/tools/Archive"
"","","","","dev-utilities/","","1","https://bgoonz-blog.netlify.app/docs/tools/dev-utilities/","text/html;charset=UTF-8","200","OK","Indexable","","5b93ad9490c97d2d0180e4104fed5eee","57","","https://bgoonz-blog.netlify.app/docs/tools/dev-utilities/"
"","","","","data-structures/","","1","https://bgoonz-blog.netlify.app/docs/tools/data-structures/","text/html; charset=utf-8","200","OK","Indexable","","995fd8431fda20276bb7d058afd996a2","59","","https://bgoonz-blog.netlify.app/docs/tools/data-structures/"
"","","","","markdown-html/","","1","https://bgoonz-blog.netlify.app/docs/tools/markdown-html/","text/html;charset=UTF-8","200","OK","Indexable","","bb656f81f276cbe1570d6c1f433513e5","57","","https://bgoonz-blog.netlify.app/docs/tools/markdown-html/"
"","","","","Archive/","","1","https://bgoonz-blog.netlify.app/docs/tools/Archive/","text/html; charset=utf-8","301","Moved Permanently","Non-Indexable","Redirected","","51","","https://bgoonz-blog.netlify.app/docs/tools/Archive/"
"","","","tools","","","1","https://bgoonz-blog.netlify.app/docs/tools","text/html; charset=utf-8","301","Moved Permanently","Non-Indexable","Redirected","","42","","https://bgoonz-blog.netlify.app/docs/tools"
"","","","gallery","","","1","https://bgoonz-blog.netlify.app/docs/gallery","text/html; charset=utf-8","404","Not Found","Non-Indexable","Client Error","","44","","https://bgoonz-blog.netlify.app/docs/gallery"
"","","","sitemap","","","1","https://bgoonz-blog.netlify.app/docs/sitemap","text/html; charset=utf-8","301","Moved Permanently","Non-Indexable","Redirected","","44","","https://bgoonz-blog.netlify.app/docs/sitemap"
"","","","data-structures/","","","1","https://bgoonz-blog.netlify.app/docs/data-structures/","text/html; charset=utf-8","200","OK","Indexable","","31d772925c77e82cf96e947f3807061a","53","","https://bgoonz-blog.netlify.app/docs/data-structures/"
"","","","tips/","","","4","https://bgoonz-blog.netlify.app/docs/tips/","text/html;charset=UTF-8","200","OK","Indexable","","46d92a7a957e38a368b6dd2f6108c18c","42","","https://bgoonz-blog.netlify.app/docs/tips/"
"","","","","insert-into-array/","","1","https://bgoonz-blog.netlify.app/docs/tips/insert-into-array/","text/html;charset=UTF-8","200","OK","Indexable","","68bf462766a1d945ef0e4e6ded96808c","60","","https://bgoonz-blog.netlify.app/docs/tips/insert-into-array/"
"","","","","array-methods/","","1","https://bgoonz-blog.netlify.app/docs/tips/array-methods/","text/html;charset=UTF-8","200","OK","Indexable","","51520254859c8e022979fd96cf7d39a6","56","","https://bgoonz-blog.netlify.app/docs/tips/array-methods/"
"","","","","sorting-strings/","","1","https://bgoonz-blog.netlify.app/docs/tips/sorting-strings/","text/html;charset=UTF-8","200","OK","Indexable","","eebdb56dd134725deca1464bd44b48d4","58","","https://bgoonz-blog.netlify.app/docs/tips/sorting-strings/"
"","","","audio/","","","8","https://bgoonz-blog.netlify.app/docs/audio/","text/html;charset=UTF-8","200","OK","Indexable","","48ff6561b5848b856ae6a41dc8ade4fa","43","","https://bgoonz-blog.netlify.app/docs/audio/"
"","","","","dtw-python-explained/","","1","https://bgoonz-blog.netlify.app/docs/audio/dtw-python-explained/","text/html;charset=UTF-8","200","OK","Indexable","","2f536c41e618ccf10c0f85aecd81af74","64","","https://bgoonz-blog.netlify.app/docs/audio/dtw-python-explained/"
"","","","","discrete-fft/","","1","https://bgoonz-blog.netlify.app/docs/audio/discrete-fft/","text/html;charset=UTF-8","200","OK","Indexable","","df243757529816cdb8831c61e6dd42bb","56","","https://bgoonz-blog.netlify.app/docs/audio/discrete-fft/"
"","","","","web-audio-api/","","1","https://bgoonz-blog.netlify.app/docs/audio/web-audio-api/","text/html; charset=utf-8","200","OK","Indexable","","31e65f87ce166717422a8a8b3f8ac86c","57","","https://bgoonz-blog.netlify.app/docs/audio/web-audio-api/"
"","","","","audio-feature-extraction/","","1","https://bgoonz-blog.netlify.app/docs/audio/audio-feature-extraction/","text/html;charset=UTF-8","200","OK","Indexable","","e7c1d54dbbe07322fa3edf14979648d0","68","","https://bgoonz-blog.netlify.app/docs/audio/audio-feature-extraction/"
"","","","","audio/","","1","https://bgoonz-blog.netlify.app/docs/audio/audio/","text/html; charset=utf-8","200","OK","Indexable","","4b1821ea0072eb27911847de632086a","49","","https://bgoonz-blog.netlify.app/docs/audio/audio/"
"","","","","dfft/","","1","https://bgoonz-blog.netlify.app/docs/audio/dfft/","text/html;charset=UTF-8","200","OK","Indexable","","c9ae9b60cd451efaa7b57e7001c5eb95","48","","https://bgoonz-blog.netlify.app/docs/audio/dfft/"
"","","","","dynamic-time-warping/","","1","https://bgoonz-blog.netlify.app/docs/audio/dynamic-time-warping/","text/html;charset=UTF-8","200","OK","Indexable","","3cdead892b098bae305905cf8741616","64","","https://bgoonz-blog.netlify.app/docs/audio/dynamic-time-warping/"
"","","","career/","","","4","https://bgoonz-blog.netlify.app/docs/career/","","0","Connection Timeout","Non-Indexable","No Response","","44","","https://bgoonz-blog.netlify.app/docs/career/"
"","","","","interview-dos-n-donts/","","1","https://bgoonz-blog.netlify.app/docs/career/interview-dos-n-donts/","text/html;charset=UTF-8","200","OK","Indexable","","41c714a2c2eaf1869085cf62cbe78edc","66","","https://bgoonz-blog.netlify.app/docs/career/interview-dos-n-donts/"
"","","","","dev-interview/","","1","https://bgoonz-blog.netlify.app/docs/career/dev-interview/","text/html; charset=utf-8","200","OK","Indexable","","290f775a7f41dadb61280ae354b70f5b","58","","https://bgoonz-blog.netlify.app/docs/career/dev-interview/"
"","","","","job-boards/","","1","https://bgoonz-blog.netlify.app/docs/career/job-boards/","text/html;charset=UTF-8","200","OK","Indexable","","198190dd037d6ee37e6d8e3080101ad2","55","","https://bgoonz-blog.netlify.app/docs/career/job-boards/"
"","","docs","","","","1","https://bgoonz-blog.netlify.app/docs","text/html; charset=utf-8","301","Moved Permanently","Non-Indexable","Redirected","","36","","https://bgoonz-blog.netlify.app/docs"
"","","lorem-ipsum","","","","1","https://bgoonz-blog.netlify.app/lorem-ipsum","text/html; charset=utf-8","404","Not Found","Non-Indexable","Client Error","","43","","https://bgoonz-blog.netlify.app/lorem-ipsum"
"","","blog/","","","","2","https://bgoonz-blog.netlify.app/blog/","text/html;charset=UTF-8","200","OK","Indexable","","272906c624e57ae41395a36119207a44","37","","https://bgoonz-blog.netlify.app/blog/"
"","","","platform-docs/","","","1","https://bgoonz-blog.netlify.app/blog/platform-docs/","text/html;charset=UTF-8","200","OK","Indexable","","439a6fd0586eea2ee7df13b34b4315db","51","","https://bgoonz-blog.netlify.app/blog/platform-docs/"
"","","blogWcomments/","","","","1","https://bgoonz-blog.netlify.app/blogWcomments/","text/html; charset=utf-8","404","Not Found","Non-Indexable","Client Error","","46","","https://bgoonz-blog.netlify.app/blogWcomments/"
"","","neural%20networks","","","","1","https://bgoonz-blog.netlify.app/neural%20networks","text/html; charset=utf-8","404","Not Found","Non-Indexable","Client Error","","49","","https://bgoonz-blog.netlify.app/neural%20networks"
"","","angolia","","","","1","https://bgoonz-blog.netlify.app/angolia","text/html; charset=utf-8","404","Not Found","Non-Indexable","Client Error","","39","","https://bgoonz-blog.netlify.app/angolia"
"","","showcase","","","","1","https://bgoonz-blog.netlify.app/showcase","text/html; charset=utf-8","301","Moved Permanently","Non-Indexable","Redirected","","40","","https://bgoonz-blog.netlify.app/showcase"
"","","%20https://","","","","1","","","","","","","","","",""
"","","","www.youtube.com/","","","1","","","","","","","","","",""
"","","","","channel/","","1","","","","","","","","","",""
"","","","","","UC9-rYyUMsnEBK8G8fCyrXXA?sub_confirmation=1","1","https://bgoonz-blog.netlify.app/%20https://www.youtube.com/channel/UC9-rYyUMsnEBK8G8fCyrXXA?sub_confirmation=1","text/html; charset=utf-8","404","Not Found","Non-Indexable","Client Error","","110","","https://bgoonz-blog.netlify.app/%20https://www.youtube.com/channel/UC9-rYyUMsnEBK8G8fCyrXXA?sub_confirmation=1"
"","","_static/","","","","2","","","","","","","","","",""
"","","","app-assets/","","","2","","","","","","","","","",""
"","","","","neural.PNG","","1","https://bgoonz-blog.netlify.app/_static/app-assets/neural.PNG","text/html; charset=utf-8","404","Not Found","Non-Indexable","Client Error","","61","","https://bgoonz-blog.netlify.app/_static/app-assets/neural.PNG"
"","","","","lambda-demo1.gif","","1","https://bgoonz-blog.netlify.app/_static/app-assets/lambda-demo1.gif","text/html; charset=utf-8","404","Not Found","Non-Indexable","Client Error","","67","","https://bgoonz-blog.netlify.app/_static/app-assets/lambda-demo1.gif"
"","","interview/","","","","1","","","","","","","","","",""
"","","","job-boards","","","1","https://bgoonz-blog.netlify.app/interview/job-boards","text/html; charset=utf-8","404","Not Found","Non-Indexable","Client Error","","52","","https://bgoonz-blog.netlify.app/interview/job-boards"
"","","images/","","","","1","","","","","","","","","",""
"","","","cool%20annimation.gif","","","1","https://bgoonz-blog.netlify.app/images/cool%20annimation.gif","image/gif","200","OK","Indexable","","","60","","https://bgoonz-blog.netlify.app/images/cool%20annimation.gif"
